<?xml version="1.0" encoding="UTF-8"?>
<project-private xmlns="http://www.netbeans.org/ns/project-private/1">
    <editor-bookmarks xmlns="http://www.netbeans.org/ns/editor-bookmarks/2" lastBookmarkId="0"/>
    <open-files xmlns="http://www.netbeans.org/ns/projectui-open-files/2">
        <group>
            <file>file:/C:/Users/User/Documents/NetBeansProjects/Final_Project/src/final_project/Final_Project.java</file>
            <file>file:/C:/Users/User/Documents/NetBeansProjects/Final_Project/src/final_project/ProgresTracker.java</file>
            <file>file:/C:/Users/User/Documents/NetBeansProjects/Final_Project/src/final_project/WorkoutWindow.java</file>
            <file>file:/C:/Users/User/Documents/NetBeansProjects/Final_Project/src/final_project/ViewAccUser.java</file>
            <file>file:/C:/Users/User/Documents/NetBeansProjects/Final_Project/src/final_project/UserMainInterface.java</file>
            <file>file:/C:/Users/User/Documents/NetBeansProjects/Final_Project/src/final_project/AdminLog.java</file>
            <file>file:/C:/Users/User/Documents/NetBeansProjects/Final_Project/src/final_project/Connector_FitnessApp.java</file>
            <file>file:/C:/Users/User/Documents/NetBeansProjects/Final_Project/src/final_project/CreateAccount.java</file>
            <file>file:/C:/Users/User/Documents/NetBeansProjects/Final_Project/src/final_project/AdminLog2.java</file>
            <file>file:/C:/Users/User/Documents/NetBeansProjects/Final_Project/src/final_project/Admin_Interface.java</file>
            <file>file:/C:/Users/User/Documents/NetBeansProjects/Final_Project/src/final_project/ViewAdmin.java</file>
            <file>file:/C:/Users/User/Documents/NetBeansProjects/Final_Project/src/final_project/CreateAccountUser.java</file>
            <file>file:/C:/Users/User/Documents/NetBeansProjects/Final_Project/src/final_project/LoginGUI.java</file>
        </group>
    </open-files>
</project-private>
